"### 搜索条件 ###",,,,,
"> 描述","",,,,
"> 类别标签","",,,,
"> 开始日期","2013-10-13 9:51 周日",,,,
"> 结束日期","2014-5-2 10:03 周五",,,,
"###",,,,,
,,,,,
"### 总计耗时 ###",,,,,
"> 801h 13m 48s",,,,,
"###",,,,,
,,,,,
"> 时间","> 描述","> 类别标签","> 开始日期","> 结束日期","> 备注"
"0.504","学习","网络编程","2014-05-02 09:33:02","2014-05-02 10:03:16",""
"3.324","学习","网络编程","2014-05-01 10:32:47","2014-05-01 13:52:12",""
"1.210","学习","网络编程","2014-04-30 21:08:32","2014-04-30 22:21:07",""
"2.990","学习","网络编程","2014-04-29 21:01:11","2014-04-30 00:00:36",""
"2.876","学习","网络编程","2014-04-29 09:02:24","2014-04-29 11:54:58",""
"6.355","学习","网络编程","2014-04-28 17:36:53","2014-04-28 23:58:11",""
"2.713","健身","gym","2014-04-28 13:13:19","2014-04-28 15:56:04",""
"0.377","学习","网络编程","2014-04-27 23:43:42","2014-04-28 00:06:17",""
"0.599","学习","网络编程","2014-04-27 08:36:52","2014-04-27 09:12:48",""
"4.552","学习","网络编程","2014-04-26 18:28:18","2014-04-26 23:01:25",""
"2.577","学习","网络编程","2014-04-26 13:33:36","2014-04-26 16:08:14",""
"3.596","学习","java","2014-04-26 08:43:28","2014-04-26 12:19:14",""
"2.804","学习","网络编程","2014-04-25 20:21:25","2014-04-25 23:09:41",""
"2.622","学习","python","2014-04-24 20:26:54","2014-04-24 23:04:13",""
"2.767","健身","gym","2014-04-24 17:40:52","2014-04-24 20:26:53",""
"1.339","学习","python","2014-04-24 13:53:07","2014-04-24 15:13:28",""
"3.793","学习","python","2014-04-23 19:13:05","2014-04-23 23:00:39",""
"2.860","学习","python","2014-04-23 15:15:01","2014-04-23 18:06:38",""
"0.297","学习","python","2014-04-23 10:50:43","2014-04-23 11:08:32",""
"2.070","学习","python","2014-04-23 08:03:18","2014-04-23 10:07:30",""
"0.001","学习","php","2014-04-23 08:01:02","2014-04-23 08:01:05",""
"2.347","学习","网络编程","2014-04-22 20:21:18","2014-04-22 22:42:06",""
"3.653","学习","网络编程","2014-04-22 08:21:38","2014-04-22 12:00:50",""
"3.059","学习","网络编程","2014-04-21 20:20:39","2014-04-21 23:24:09",""
"3.501","学习","java","2014-04-21 08:30:49","2014-04-21 12:00:51",""
"3.001","健身","gym","2014-04-20 16:04:25","2014-04-20 19:04:27",""
"8.627","学习","网络编程","2014-04-19 08:36:50","2014-04-19 17:14:28",""
"2.799","学习","网络编程","2014-04-18 18:16:20","2014-04-18 21:04:17",""
"0.770","学习","工业亚健康","2014-04-18 09:08:13","2014-04-18 09:54:26",""
"2.001","学习","工业亚健康","2014-04-17 19:34:19","2014-04-17 21:34:21",""
"2.211","健身","gym","2014-04-17 16:21:32","2014-04-17 18:34:10",""
"3.405","学习","工业亚健康","2014-04-17 08:37:37","2014-04-17 12:01:55",""
"2.000","学习","工业亚健康","2014-04-16 13:15:57","2014-04-16 15:15:58",""
"1.823","学习","工业亚健康","2014-04-16 08:15:58","2014-04-16 10:05:21",""
"3.001","学习","工业亚健康","2014-04-15 08:19:43","2014-04-15 11:19:45",""
"3.942","学习","工业亚健康","2014-04-14 19:05:00","2014-04-14 23:01:32",""
"3.426","学习","java","2014-04-14 08:36:08","2014-04-14 12:01:42",""
"1.257","学习","工业亚健康","2014-04-13 18:49:41","2014-04-13 20:05:04",""
"3.847","学习","工业亚健康","2014-04-13 08:51:34","2014-04-13 12:42:24",""
"3.795","学习","工业亚健康","2014-04-12 19:27:01","2014-04-12 23:14:42",""
"3.001","健身","gym","2014-04-12 16:16:21","2014-04-12 19:16:23",""
"1.601","学习","工业亚健康","2014-04-12 14:40:14","2014-04-12 16:16:19",""
"3.070","学习","分布式系统原理与范型","2014-04-12 08:35:58","2014-04-12 11:40:11",""
"3.620","学习","电机","2014-04-11 19:46:23","2014-04-11 23:23:33",""
"1.988","学习","python","2014-04-11 10:01:58","2014-04-11 12:01:16",""
"3.317","健身","gym","2014-04-10 17:02:40","2014-04-10 20:21:41",""
"3.850","学习","php","2014-04-10 08:13:40","2014-04-10 12:04:39",""
"3.137","学习","php","2014-04-09 20:08:34","2014-04-09 23:16:47",""
"0.001","学习","php","2014-04-09 09:48:44","2014-04-09 09:48:47",""
"2.496","健身","gym","2014-04-08 18:56:59","2014-04-08 21:26:45",""
"2.019","学习","工业亚健康","2014-04-08 13:58:41","2014-04-08 15:59:48",""
"3.117","学习","图像处理","2014-04-08 09:21:11","2014-04-08 12:28:10",""
"1.626","学习","工业亚健康","2014-04-07 15:21:30","2014-04-07 16:59:03",""
"3.003","学习","工业亚健康","2014-04-07 08:51:05","2014-04-07 11:51:16",""
"1.901","学习","python","2014-04-06 21:04:55","2014-04-06 22:58:58",""
"1.204","学习","python","2014-04-06 16:07:50","2014-04-06 17:20:03",""
"3.501","健身","gym","2014-04-05 17:43:28","2014-04-05 21:13:31",""
"4.255","学习","linux(鸟哥)","2014-04-05 11:19:24","2014-04-05 15:34:41",""
"2.111","学习","linux(鸟哥)","2014-04-04 21:01:37","2014-04-04 23:08:18",""
"2.000","学习","python","2014-04-04 13:01:35","2014-04-04 15:01:36",""
"2.435","学习","linux(鸟哥)","2014-04-03 20:36:45","2014-04-03 23:02:51",""
"2.207","健身","gym","2014-04-03 17:03:21","2014-04-03 19:15:47",""
"1.528","学习","linux(鸟哥)","2014-04-03 14:52:36","2014-04-03 16:24:17",""
"3.179","学习","分布式系统原理与范型","2014-04-03 08:39:21","2014-04-03 11:50:06",""
"9.835","学习","linux(鸟哥)","2014-04-02 12:47:41","2014-04-02 22:37:48",""
"2.172","学习","python","2014-04-02 08:15:09","2014-04-02 10:25:29",""
"2.569","健身","gym","2014-04-01 16:16:07","2014-04-01 18:50:17",""
"2.884","学习","python","2014-04-01 09:08:50","2014-04-01 12:01:52",""
"3.000","学习","python","2014-03-31 18:50:42","2014-03-31 21:50:43",""
"3.622","学习","java","2014-03-31 09:04:52","2014-03-31 12:42:11",""
"2.272","学习","python","2014-03-30 20:36:03","2014-03-30 22:52:20",""
"2.623","健身","gym","2014-03-30 15:32:31","2014-03-30 18:09:55",""
"1.906","学习","python","2014-03-30 13:01:48","2014-03-30 14:56:08",""
"3.001","学习","python","2014-03-30 08:34:02","2014-03-30 11:34:04",""
"1.749","学习","python","2014-03-29 20:35:09","2014-03-29 22:20:06",""
"5.252","学习","python","2014-03-29 12:48:57","2014-03-29 18:04:05",""
"1.813","学习","linux(鸟哥)","2014-03-29 09:31:25","2014-03-29 11:20:10",""
"0.941","学习","python","2014-03-28 21:34:39","2014-03-28 22:31:07",""
"2.599","学习","python","2014-03-28 18:36:30","2014-03-28 21:12:27",""
"2.601","学习","python","2014-03-28 15:10:25","2014-03-28 17:46:28",""
"2.135","学习","python","2014-03-28 10:29:33","2014-03-28 12:37:37",""
"1.787","学习","python","2014-03-28 08:05:50","2014-03-28 09:53:04",""
"2.032","学习","python","2014-03-27 20:44:33","2014-03-27 22:46:29",""
"3.344","健身","gym","2014-03-27 17:23:36","2014-03-27 20:44:13",""
"2.483","健身","gym","2014-03-26 14:38:37","2014-03-26 17:07:34",""
"5.103","学习","python","2014-03-26 08:32:24","2014-03-26 13:38:36",""
"3.001","学习","python","2014-03-25 18:43:28","2014-03-25 21:43:30",""
"1.867","学习","python","2014-03-25 09:23:37","2014-03-25 11:15:39",""
"2.894","学习","python","2014-03-24 20:10:24","2014-03-24 23:04:00",""
"2.295","学习","python","2014-03-24 15:10:27","2014-03-24 17:28:08",""
"3.924","学习","java","2014-03-24 08:39:29","2014-03-24 12:34:55",""
"0.024","学习","java","2014-03-23 20:07:39","2014-03-23 20:09:05",""
"1.768","学习","python","2014-03-23 13:57:21","2014-03-23 15:43:24",""
"0.312","学习","python","2014-03-23 12:25:36","2014-03-23 12:44:19",""
"1.691","学习","python","2014-03-23 09:25:30","2014-03-23 11:06:58",""
"3.197","学习","java","2014-03-22 19:48:20","2014-03-22 23:00:08",""
"2.667","健身","gym","2014-03-22 15:44:24","2014-03-22 18:24:26",""
"2.720","学习","电机","2014-03-22 09:27:35","2014-03-22 12:10:47",""
"3.236","学习","linux(鸟哥)","2014-03-21 18:29:49","2014-03-21 21:44:00",""
"2.392","学习","java","2014-03-21 13:41:46","2014-03-21 16:05:18",""
"2.024","学习","java","2014-03-21 10:11:27","2014-03-21 12:12:54",""
"1.111","学习","java","2014-03-20 21:39:25","2014-03-20 22:46:05",""
"2.255","学习","java","2014-03-20 18:43:31","2014-03-20 20:58:47",""
"2.642","健身","gym","2014-03-20 13:05:17","2014-03-20 15:43:49",""
"0.510","学习","java","2014-03-19 22:26:37","2014-03-19 22:57:12",""
"3.129","学习","java","2014-03-19 18:43:02","2014-03-19 21:50:47",""
"3.859","学习","java","2014-03-19 13:56:52","2014-03-19 17:48:22",""
"1.996","学习","java","2014-03-19 08:02:59","2014-03-19 10:02:46",""
"0.973","学习","java","2014-03-18 21:50:29","2014-03-18 22:48:52",""
"2.249","健身","gym","2014-03-18 17:29:26","2014-03-18 19:44:24",""
"2.017","学习","图像处理","2014-03-18 14:01:57","2014-03-18 16:02:58",""
"2.168","学习","图像处理","2014-03-18 09:21:30","2014-03-18 11:31:33",""
"2.990","学习","java","2014-03-17 08:35:53","2014-03-17 11:35:17",""
"1.832","学习","java","2014-03-16 21:02:22","2014-03-16 22:52:16",""
"0.409","学习","AC编程","2014-03-16 20:37:48","2014-03-16 21:02:21",""
"1.825","健身","gym","2014-03-16 16:06:43","2014-03-16 17:56:14",""
"2.138","学习","linux(鸟哥)","2014-03-16 08:59:31","2014-03-16 11:07:49",""
"1.600","学习","AC编程","2014-03-15 19:36:41","2014-03-15 21:12:41",""
"3.894","学习","AC编程","2014-03-15 13:29:27","2014-03-15 17:23:04",""
"1.144","学习","AC编程","2014-03-15 11:58:31","2014-03-15 13:07:10",""
"1.503","学习","AC编程","2014-03-15 09:53:35","2014-03-15 11:23:45",""
"5.837","学习","linux(鸟哥)","2014-03-14 17:05:47","2014-03-14 22:56:01",""
"1.310","学习","AC编程","2014-03-14 13:34:27","2014-03-14 14:53:01",""
"1.995","学习","java","2014-03-14 10:13:48","2014-03-14 12:13:31",""
"1.229","学习","AC编程","2014-03-14 08:36:47","2014-03-14 09:50:31",""
"0.879","学习","AC编程","2014-03-13 19:50:06","2014-03-13 20:42:50",""
"2.808","健身","gym","2014-03-13 16:38:25","2014-03-13 19:26:55",""
"4.772","学习","AC编程","2014-03-13 11:52:02","2014-03-13 16:38:20",""
"2.727","学习","分布式系统原理与范型","2014-03-13 09:08:21","2014-03-13 11:51:59",""
"3.089","学习","AC编程","2014-03-12 19:51:17","2014-03-12 22:56:37",""
"0.372","学习","AC编程","2014-03-12 17:05:45","2014-03-12 17:28:04",""
"1.783","学习","AC编程","2014-03-12 15:18:40","2014-03-12 17:05:37",""
"2.124","学习","AC编程","2014-03-12 11:37:02","2014-03-12 13:44:28",""
"1.593","学习","java","2014-03-12 08:06:52","2014-03-12 09:42:27",""
"2.071","学习","java","2014-03-11 14:00:36","2014-03-11 16:04:50",""
"3.689","学习","图像处理","2014-03-11 08:29:27","2014-03-11 12:10:47",""
"1.449","学习","AC编程","2014-03-10 21:10:08","2014-03-10 22:37:05",""
"1.329","学习","图像处理","2014-03-10 15:16:35","2014-03-10 16:36:18",""
"3.637","学习","java","2014-03-10 08:49:21","2014-03-10 12:27:34",""
"2.740","学习","java","2014-03-09 20:07:32","2014-03-09 22:51:56",""
"2.347","健身","gym","2014-03-09 16:50:30","2014-03-09 19:11:17",""
"1.232","学习","java","2014-03-09 14:34:04","2014-03-09 15:48:00",""
"0.853","学习","java","2014-03-09 10:57:13","2014-03-09 11:48:23",""
"4.091","学习","java","2014-03-08 18:05:25","2014-03-08 22:10:53",""
"1.610","学习","java","2014-03-08 12:38:09","2014-03-08 14:14:46",""
"2.092","学习","java","2014-03-08 09:36:49","2014-03-08 11:42:20",""
"0.712","学习","java","2014-03-08 08:16:03","2014-03-08 08:58:46",""
"0.427","学习","java","2014-03-07 23:07:47","2014-03-07 23:33:24",""
"1.778","健身","gym","2014-03-07 13:41:03","2014-03-07 15:27:43",""
"0.001","学习","AC编程","2014-03-07 12:43:13","2014-03-07 12:43:17",""
"0.004","学习","AC编程","2014-03-07 12:43:00","2014-03-07 12:43:12",""
"0.001","学习","AC编程","2014-03-07 12:42:59","2014-03-07 12:43:00",""
"0.000","学习","AC编程","2014-03-07 12:42:58","2014-03-07 12:42:59",""
"0.000","学习","AC编程","2014-03-07 12:42:57","2014-03-07 12:42:57",""
"0.000","学习","AC编程","2014-03-07 12:42:57","2014-03-07 12:42:58",""
"0.001","学习","AC编程","2014-03-07 12:42:55","2014-03-07 12:42:56",""
"0.000","学习","AC编程","2014-03-07 12:42:54","2014-03-07 12:42:55",""
"0.002","学习","AC编程","2014-03-07 12:42:49","2014-03-07 12:42:54",""
"1.172","学习","java","2014-03-07 11:17:01","2014-03-07 12:27:21",""
"0.893","学习","java","2014-03-07 10:09:26","2014-03-07 11:03:00",""
"0.269","学习","java","2014-03-07 09:38:17","2014-03-07 09:54:26",""
"0.769","学习","java","2014-03-06 23:51:05","2014-03-07 00:37:12",""
"1.103","学习","java","2014-03-06 19:21:03","2014-03-06 20:27:13",""
"1.590","学习","java","2014-03-06 15:13:43","2014-03-06 16:49:05",""
"0.588","学习","java","2014-03-06 12:55:15","2014-03-06 13:30:30",""
"3.394","学习","分布式系统原理与范型","2014-03-06 08:37:05","2014-03-06 12:00:42",""
"0.784","学习","java","2014-03-05 23:20:18","2014-03-06 00:07:20",""
"0.996","学习","java","2014-03-05 21:24:14","2014-03-05 22:24:00",""
"0.548","学习","java","2014-03-05 18:56:23","2014-03-05 19:29:16",""
"2.000","健身","gym","2014-03-05 16:37:31","2014-03-05 18:37:32",""
"1.778","学习","java","2014-03-05 10:17:19","2014-03-05 12:03:58",""
"1.509","学习","java","2014-03-05 07:52:54","2014-03-05 09:23:25",""
"0.907","学习","java","2014-03-04 23:13:42","2014-03-05 00:08:08",""
"1.081","学习","java","2014-03-04 21:44:50","2014-03-04 22:49:42",""
"1.029","学习","php","2014-03-04 19:45:51","2014-03-04 20:47:34",""
"3.326","学习","图像处理","2014-03-04 08:37:43","2014-03-04 11:57:16",""
"0.245","学习","php","2014-03-04 08:22:09","2014-03-04 08:36:49",""
"1.356","学习","php","2014-03-03 21:31:42","2014-03-03 22:53:03",""
"0.716","学习","php","2014-03-03 20:07:59","2014-03-03 20:50:56",""
"0.229","学习","java","2014-03-03 17:57:22","2014-03-03 18:11:05",""
"0.556","学习","php","2014-03-03 17:00:15","2014-03-03 17:33:36",""
"2.163","学习","php","2014-03-03 14:28:10","2014-03-03 16:37:57",""
"1.947","学习","java","2014-02-28 10:13:33","2014-02-28 12:10:21",""
"2.831","学习","php","2014-02-27 19:36:12","2014-02-27 22:26:03",""
"2.122","健身","gym","2014-02-27 17:22:41","2014-02-27 19:30:00",""
"1.582","学习","linux(鸟哥)","2014-02-26 20:40:11","2014-02-26 22:15:05",""
"1.248","学习","linux(鸟哥)","2014-02-26 19:08:05","2014-02-26 20:22:58",""
"1.160","学习","linux(鸟哥)","2014-02-26 15:57:53","2014-02-26 17:07:29",""
"3.812","学习","linux(鸟哥)","2014-02-26 11:05:39","2014-02-26 14:54:22",""
"1.644","学习","linux(鸟哥)","2014-02-26 08:02:35","2014-02-26 09:41:14",""
"1.761","学习","linux(鸟哥)","2014-02-25 20:43:41","2014-02-25 22:29:18",""
"2.001","健身","gym","2014-02-25 15:56:05","2014-02-25 17:56:07",""
"0.420","学习","linux(鸟哥)","2014-02-22 11:07:35","2014-02-22 11:32:46",""
"1.572","学习","linux(鸟哥)","2014-02-22 08:42:33","2014-02-22 10:16:53",""
"1.287","学习","分布式系统原理与范型","2014-02-21 19:26:36","2014-02-21 20:43:50",""
"1.062","学习","linux(鸟哥)","2014-02-19 12:31:06","2014-02-19 13:34:49",""
"3.789","学习","linux(鸟哥)","2014-02-19 08:18:28","2014-02-19 12:05:48",""
"2.001","健身","gym","2014-02-18 16:17:39","2014-02-18 18:17:41",""
"0.467","学习","linux(鸟哥)","2014-02-17 13:33:40","2014-02-17 14:01:40",""
"1.917","学习","android","2014-02-16 11:36:13","2014-02-16 13:31:15",""
"1.885","学习","linux(鸟哥)","2014-02-14 23:33:36","2014-02-15 01:26:43",""
"0.637","学习","linux(鸟哥)","2014-02-14 13:38:58","2014-02-14 14:17:12",""
"2.172","健身","gym","2014-02-11 14:41:15","2014-02-11 16:51:33",""
"0.898","学习","AC编程","2014-02-08 18:47:25","2014-02-08 19:41:16",""
"0.017","学习","linux(鸟哥)","2014-02-08 18:46:23","2014-02-08 18:47:23",""
"0.949","健身","gym","2014-02-08 15:31:31","2014-02-08 16:28:28",""
"1.782","健身","gym","2014-02-06 14:32:42","2014-02-06 16:19:35",""
"0.530","学习","linux(鸟哥)","2014-02-05 00:37:03","2014-02-05 01:08:51",""
"2.085","学习","linux(鸟哥)","2014-02-04 21:43:18","2014-02-04 23:48:22",""
"1.879","学习","linux(鸟哥)","2014-02-04 14:28:38","2014-02-04 16:21:23",""
"0.456","学习","linux(鸟哥)","2014-02-04 10:34:25","2014-02-04 11:01:46",""
"0.639","学习","linux(鸟哥)","2014-02-03 19:41:09","2014-02-03 20:19:31",""
"2.031","学习","linux(鸟哥)","2014-02-03 09:16:55","2014-02-03 11:18:47",""
"0.957","学习","工业亚健康","2014-02-02 17:10:28","2014-02-02 18:07:54",""
"3.658","学习","linux(鸟哥)","2014-02-02 12:59:45","2014-02-02 16:39:12",""
"2.104","学习","linux(鸟哥)","2014-02-01 21:13:58","2014-02-01 23:20:12",""
"1.266","学习","linux(鸟哥)","2014-02-01 12:24:38","2014-02-01 13:40:36",""
"1.637","学习","AC编程","2014-01-27 21:06:08","2014-01-27 22:44:19",""
"3.545","健身","gym","2014-01-27 15:37:55","2014-01-27 19:10:37",""
"1.015","学习","AC编程","2014-01-25 21:13:17","2014-01-25 22:14:11",""
"1.868","健身","gym","2014-01-25 14:46:32","2014-01-25 16:38:37",""
"0.666","学习","AC编程","2014-01-25 11:28:06","2014-01-25 12:08:03",""
"1.782","健身","gym","2014-01-23 15:56:53","2014-01-23 17:43:47",""
"2.207","学习","linux(鸟哥)","2014-01-22 23:37:43","2014-01-23 01:50:07",""
"1.341","健身","gym","2014-01-22 15:00:12","2014-01-22 16:20:40",""
"7.221","学习","linux(鸟哥)","2014-01-21 17:45:54","2014-01-22 00:59:10",""
"3.536","学习","linux(鸟哥)","2014-01-21 11:09:40","2014-01-21 14:41:49",""
"3.062","学习","linux(鸟哥)","2014-01-20 21:06:07","2014-01-21 00:09:48",""
"2.407","健身","gym","2014-01-20 15:38:42","2014-01-20 18:03:05",""
"2.430","健身","gym","2014-01-18 15:08:54","2014-01-18 17:34:40",""
"3.841","学习","linux(鸟哥)","2014-01-18 11:18:26","2014-01-18 15:08:53",""
"1.748","学习","linux(鸟哥)","2014-01-17 23:24:14","2014-01-18 01:09:07",""
"1.752","健身","gym","2014-01-17 14:47:08","2014-01-17 16:32:14",""
"1.220","学习","AC编程","2014-01-17 10:36:41","2014-01-17 11:49:51",""
"2.458","学习","AC编程","2014-01-16 19:33:06","2014-01-16 22:00:33",""
"1.147","学习","AC编程","2014-01-16 15:39:59","2014-01-16 16:48:47",""
"3.245","学习","AC编程","2014-01-16 10:31:51","2014-01-16 13:46:31",""
"1.498","健身","gym","2014-01-15 14:14:55","2014-01-15 15:44:48",""
"1.806","学习","AC编程","2014-01-15 10:06:54","2014-01-15 11:55:17",""
"2.000","健身","gym","2014-01-14 13:35:35","2014-01-14 15:35:36",""
"1.341","学习","AC编程","2014-01-13 19:29:07","2014-01-13 20:49:35",""
"0.707","学习","AC编程","2014-01-13 15:41:17","2014-01-13 16:23:42",""
"0.517","学习","AC编程","2014-01-13 12:15:47","2014-01-13 12:46:49",""
"2.214","学习","AC编程","2014-01-13 09:27:22","2014-01-13 11:40:12",""
"1.008","学习","AC编程","2014-01-12 23:14:06","2014-01-13 00:14:33",""
"0.844","学习","AC编程","2014-01-12 10:38:22","2014-01-12 11:28:59",""
"2.000","健身","gym","2014-01-02 16:42:16","2014-01-02 18:42:17",""
"1.093","学习","编程珠玑","2013-12-31 11:01:37","2013-12-31 12:07:13",""
"0.001","学习","linux(鸟哥)","2013-12-30 22:07:25","2013-12-30 22:07:28",""
"0.240","学习","linux(鸟哥)","2013-12-30 21:11:14","2013-12-30 21:25:37",""
"2.000","健身","gym","2013-12-29 16:36:50","2013-12-29 18:36:50",""
"3.621","学习","linux(鸟哥)","2013-12-28 14:01:38","2013-12-28 17:38:52",""
"1.645","学习","linux(鸟哥)","2013-12-28 11:50:46","2013-12-28 13:29:27",""
"1.022","学习","linux(鸟哥)","2013-12-27 21:27:09","2013-12-27 22:28:28",""
"1.622","学习","linux(鸟哥)","2013-12-27 18:57:26","2013-12-27 20:34:46",""
"1.906","健身","gym","2013-12-27 16:03:09","2013-12-27 17:57:29",""
"3.344","<未命名>","期末复习","2013-12-27 08:43:58","2013-12-27 12:04:36",""
"1.997","<未命名>","期末复习","2013-12-26 21:18:07","2013-12-26 23:17:54",""
"0.281","<未命名>","期末复习","2013-12-26 19:09:41","2013-12-26 19:26:33",""
"3.075","<未命名>","期末复习","2013-12-25 15:40:48","2013-12-25 18:45:16",""
"2.404","<未命名>","期末复习","2013-12-25 09:16:05","2013-12-25 11:40:18",""
"2.474","<未命名>","期末复习","2013-12-21 19:29:06","2013-12-21 21:57:32",""
"1.884","健身","gym","2013-12-21 16:18:25","2013-12-21 18:11:28",""
"1.481","<未命名>","期末复习","2013-12-20 21:19:21","2013-12-20 22:48:12",""
"0.899","<未命名>","期末复习","2013-12-20 18:57:49","2013-12-20 19:51:44",""
"2.516","<未命名>","期末复习","2013-12-20 14:41:31","2013-12-20 17:12:27",""
"4.260","<未命名>","期末复习","2013-12-18 19:25:51","2013-12-18 23:41:26",""
"2.018","健身","gym","2013-12-18 14:53:05","2013-12-18 16:54:10",""
"5.681","<未命名>","期末复习","2013-12-17 16:40:07","2013-12-17 22:21:00",""
"4.117","学习","linux(鸟哥)","2013-12-17 08:59:47","2013-12-17 13:06:47",""
"0.791","学习","linux(鸟哥)","2013-12-16 12:54:08","2013-12-16 13:41:36",""
"3.721","学习","linux(鸟哥)","2013-12-16 09:00:42","2013-12-16 12:43:58",""
"1.367","学习","linux(鸟哥)","2013-12-15 22:38:55","2013-12-16 00:00:55",""
"0.913","学习","linux(鸟哥)","2013-12-15 21:11:27","2013-12-15 22:06:13",""
"1.768","学习","linux(鸟哥)","2013-12-15 09:00:44","2013-12-15 10:46:49",""
"0.334","学习","linux(鸟哥)","2013-12-14 17:01:26","2013-12-14 17:21:28",""
"3.814","学习","AC编程","2013-12-14 13:01:25","2013-12-14 16:50:16",""
"3.079","学习","AC编程","2013-12-14 09:06:27","2013-12-14 12:11:11",""
"1.642","学习","AC编程","2013-12-13 20:48:05","2013-12-13 22:26:37",""
"2.316","<未命名>","期末复习","2013-12-12 19:05:16","2013-12-12 21:24:14",""
"2.128","<未命名>","期末复习","2013-12-12 15:03:34","2013-12-12 17:11:14",""
"2.001","健身","gym","2013-12-11 16:24:21","2013-12-11 18:24:24",""
"1.680","健身","gym","2013-12-09 11:26:00","2013-12-09 13:06:46",""
"3.789","学习","AC编程","2013-12-08 18:10:27","2013-12-08 21:57:45",""
"1.526","学习","AC编程","2013-12-08 09:49:54","2013-12-08 11:21:27",""
"0.608","学习","AC编程","2013-12-07 23:11:22","2013-12-07 23:47:51",""
"0.374","学习","AC编程","2013-12-07 19:44:23","2013-12-07 20:06:48",""
"1.634","健身","gym","2013-12-07 15:18:47","2013-12-07 16:56:49",""
"1.951","学习","AC编程","2013-12-07 13:21:40","2013-12-07 15:18:44",""
"2.580","学习","AC编程","2013-12-07 09:09:25","2013-12-07 11:44:11",""
"4.820","学习","AC编程","2013-12-06 18:30:52","2013-12-06 23:20:04",""
"1.276","学习","AC编程","2013-12-06 16:39:50","2013-12-06 17:56:25",""
"0.708","学习","AC编程","2013-12-06 15:04:32","2013-12-06 15:47:02",""
"1.239","学习","AC编程","2013-12-05 20:38:45","2013-12-05 21:53:03",""
"0.706","学习","AC编程","2013-12-04 12:09:34","2013-12-04 12:51:54",""
"0.566","学习","AC编程","2013-12-04 10:52:05","2013-12-04 11:26:02",""
"1.346","学习","AC编程","2013-12-03 22:31:56","2013-12-03 23:52:41",""
"0.716","学习","AC编程","2013-12-03 21:12:09","2013-12-03 21:55:05",""
"1.458","学习","AC编程","2013-12-03 19:35:05","2013-12-03 21:02:34",""
"2.001","健身","gym","2013-12-03 16:09:33","2013-12-03 18:09:36",""
"2.378","学习","AC编程","2013-12-03 10:02:31","2013-12-03 12:25:12",""
"0.664","学习","AC编程","2013-12-03 08:46:53","2013-12-03 09:26:45",""
"2.431","学习","AC编程","2013-12-02 19:58:09","2013-12-02 22:24:02",""
"0.399","学习","AC编程","2013-12-02 18:40:46","2013-12-02 19:04:42",""
"0.680","学习","AC编程","2013-12-02 16:45:18","2013-12-02 17:26:07",""
"2.000","健身","gym","2013-12-01 17:11:43","2013-12-01 19:11:44",""
"2.139","学习","AC编程","2013-12-01 13:08:23","2013-12-01 15:16:42",""
"3.614","学习","AC编程","2013-12-01 08:42:28","2013-12-01 12:19:18",""
"1.929","学习","AC编程","2013-11-30 20:09:46","2013-11-30 22:05:28",""
"1.211","学习","AC编程","2013-11-30 18:40:09","2013-11-30 19:52:48",""
"0.894","学习","AC编程","2013-11-30 08:15:04","2013-11-30 09:08:42",""
"0.490","学习","AC编程","2013-11-29 22:22:40","2013-11-29 22:52:03",""
"1.238","学习","AC编程","2013-11-29 20:18:22","2013-11-29 21:32:39",""
"2.292","学习","AC编程","2013-11-29 15:36:01","2013-11-29 17:53:31",""
"0.601","学习","AC编程","2013-11-28 21:03:23","2013-11-28 21:39:27",""
"1.348","学习","AC编程","2013-11-28 14:54:45","2013-11-28 16:15:36",""
"0.585","学习","AC编程","2013-11-27 21:58:16","2013-11-27 22:33:22",""
"0.441","学习","AC编程","2013-11-25 21:42:28","2013-11-25 22:08:55",""
"2.001","健身","gym","2013-11-25 16:45:01","2013-11-25 18:45:03",""
"3.057","学习","AC编程","2013-11-25 08:48:19","2013-11-25 11:51:42",""
"0.365","学习","AC编程","2013-11-24 21:58:34","2013-11-24 22:20:27",""
"1.267","学习","AC编程","2013-11-24 20:42:02","2013-11-24 21:58:01",""
"2.783","学习","AC编程","2013-11-23 08:21:12","2013-11-23 11:08:10",""
"3.396","学习","AC编程","2013-11-22 18:18:55","2013-11-22 21:42:41",""
"0.999","学习","AC编程","2013-11-22 15:59:07","2013-11-22 16:59:03",""
"0.837","学习","AC编程","2013-11-22 12:23:44","2013-11-22 13:13:58",""
"1.003","学习","AC编程","2013-11-22 10:36:09","2013-11-22 11:36:19",""
"0.570","学习","AC编程","2013-11-21 19:11:16","2013-11-21 19:45:26",""
"2.001","健身","gym","2013-11-21 16:58:29","2013-11-21 18:58:31",""
"2.403","学习","AC编程","2013-11-18 09:06:32","2013-11-18 11:30:41",""
"2.000","健身","gym","2013-11-16 15:54:37","2013-11-16 17:54:38",""
"2.319","学习","AC编程","2013-11-16 10:11:20","2013-11-16 12:30:29",""
"6.343","学习","AC编程","2013-11-14 14:46:34","2013-11-14 21:07:08",""
"1.053","学习","AC编程","2013-11-14 12:00:27","2013-11-14 13:03:36",""
"0.809","学习","AC编程","2013-11-13 21:11:16","2013-11-13 21:59:49",""
"2.001","健身","gym","2013-11-13 17:16:34","2013-11-13 19:16:37",""
"0.118","学习","AC编程","2013-11-13 13:18:45","2013-11-13 13:25:48",""
"1.832","学习","AC编程","2013-11-13 10:17:08","2013-11-13 12:07:02",""
"0.504","学习","AC编程","2013-11-13 09:19:05","2013-11-13 09:49:18",""
"0.994","学习","AC编程","2013-11-13 08:03:48","2013-11-13 09:03:27",""
"2.988","学习","AC编程","2013-11-12 18:49:40","2013-11-12 21:48:55",""
"0.771","学习","AC编程","2013-11-12 16:49:31","2013-11-12 17:35:46",""
"1.885","健身","gym","2013-11-12 14:56:20","2013-11-12 16:49:27",""
"1.388","学习","AC编程","2013-11-12 08:56:48","2013-11-12 10:20:06",""
"1.141","学习","AC编程","2013-11-11 21:48:07","2013-11-11 22:56:34",""
"0.609","学习","AC编程","2013-11-10 14:42:28","2013-11-10 15:18:59",""
"1.364","学习","AC编程","2013-11-09 13:47:48","2013-11-09 15:09:37",""
"2.001","健身","gym","2013-11-07 17:39:22","2013-11-07 19:39:24",""
"4.638","学习","AC编程","2013-11-06 17:54:30","2013-11-06 22:32:45",""
"2.272","健身","gym","2013-11-06 15:12:06","2013-11-06 17:28:26",""
"2.008","学习","AC编程","2013-11-06 12:48:04","2013-11-06 14:48:31",""
"3.226","学习","AC编程","2013-11-05 17:55:52","2013-11-05 21:09:24",""
"2.077","健身","gym","2013-11-05 14:23:08","2013-11-05 16:27:46",""
"3.190","学习","AC编程","2013-11-05 08:35:04","2013-11-05 11:46:27",""
"0.795","学习","AC编程","2013-11-04 21:06:07","2013-11-04 21:53:50",""
"2.084","学习","AC编程","2013-11-04 18:02:15","2013-11-04 20:07:15",""
"1.992","健身","gym","2013-11-04 14:04:38","2013-11-04 16:04:10",""
"1.783","学习","AC编程","2013-11-04 10:10:00","2013-11-04 11:57:00",""
"1.288","学习","AC编程","2013-11-04 08:26:10","2013-11-04 09:43:27",""
"3.603","学习","AC编程","2013-11-03 18:50:05","2013-11-03 22:26:17",""
"2.095","学习","AC编程","2013-11-03 16:00:51","2013-11-03 18:06:33",""
"0.555","学习","AC编程","2013-11-03 12:27:26","2013-11-03 13:00:45",""
"0.866","学习","AC编程","2013-11-02 08:49:58","2013-11-02 09:41:55",""
"0.608","学习","AC编程","2013-11-01 22:08:15","2013-11-01 22:44:45",""
"0.270","学习","AC编程","2013-11-01 21:42:45","2013-11-01 21:58:55",""
"2.000","健身","gym","2013-11-01 16:34:52","2013-11-01 18:34:53",""
"0.581","学习","AC编程","2013-11-01 09:04:01","2013-11-01 09:38:53",""
"0.989","学习","AC编程","2013-10-31 20:56:12","2013-10-31 21:55:32",""
"2.017","健身","gym","2013-10-31 18:00:39","2013-10-31 20:01:40",""
"1.426","学习","AC编程","2013-10-30 20:02:26","2013-10-30 21:28:00",""
"0.532","学习","AC编程","2013-10-29 21:38:46","2013-10-29 22:10:41",""
"2.840","学习","AC编程","2013-10-29 18:10:40","2013-10-29 21:01:03",""
"2.100","健身","gym","2013-10-29 15:04:30","2013-10-29 17:10:31",""
"2.466","学习","AC编程","2013-10-29 09:01:21","2013-10-29 11:29:17",""
"0.968","学习","AC编程","2013-10-28 20:43:18","2013-10-28 21:41:23",""
"1.686","学习","AC编程","2013-10-28 18:55:37","2013-10-28 20:36:46",""
"0.161","学习","AC编程","2013-10-27 09:46:03","2013-10-27 09:55:41",""
"0.393","学习","AC编程","2013-10-27 00:28:31","2013-10-27 00:52:04",""
"0.172","学习","AC编程","2013-10-26 16:11:42","2013-10-26 16:22:02",""
"1.717","学习","AC编程","2013-10-26 14:06:45","2013-10-26 15:49:45",""
"2.088","学习","AC编程","2013-10-26 09:07:15","2013-10-26 11:12:33",""
"2.734","健身","gym","2013-10-25 16:30:07","2013-10-25 19:14:08",""
"1.016","学习","AC编程","2013-10-25 08:33:11","2013-10-25 09:34:07",""
"0.345","学习","AC编程","2013-10-24 22:03:03","2013-10-24 22:23:44",""
"1.602","学习","AC编程","2013-10-24 20:19:34","2013-10-24 21:55:40",""
"0.560","学习","AC编程","2013-10-24 19:41:05","2013-10-24 20:14:40",""
"1.347","学习","AC编程","2013-10-24 13:53:55","2013-10-24 15:14:45",""
"1.162","学习","AC编程","2013-10-23 20:55:24","2013-10-23 22:05:06",""
"0.594","学习","AC编程","2013-10-23 18:33:30","2013-10-23 19:09:10",""
"2.000","健身","gym","2013-10-23 16:02:28","2013-10-23 18:02:29",""
"0.628","学习","AC编程","2013-10-22 20:25:14","2013-10-22 21:02:54",""
"1.299","学习","AC编程","2013-10-22 18:56:30","2013-10-22 20:14:25",""
"1.055","学习","AC编程","2013-10-22 16:26:08","2013-10-22 17:29:24",""
"1.558","学习","AC编程","2013-10-22 13:40:13","2013-10-22 15:13:40",""
"1.287","学习","AC编程","2013-10-22 09:48:26","2013-10-22 11:05:38",""
"0.882","学习","AC编程","2013-10-21 21:52:58","2013-10-21 22:45:54",""
"1.160","学习","AC编程","2013-10-21 18:07:41","2013-10-21 19:17:16",""
"1.531","健身","gym","2013-10-21 14:45:34","2013-10-21 16:17:26",""
"0.606","学习","AC编程","2013-10-21 10:13:15","2013-10-21 10:49:36",""
"0.967","学习","AC编程","2013-10-21 08:57:32","2013-10-21 09:55:34",""
"3.017","健身","gym","2013-10-18 17:10:04","2013-10-18 20:11:06",""
"0.946","学习","AC编程","2013-10-18 08:32:07","2013-10-18 09:28:52",""
"2.124","学习","AC编程","2013-10-17 18:53:37","2013-10-17 21:01:03",""
"2.000","健身","gym","2013-10-17 15:30:17","2013-10-17 17:30:18",""
"1.398","学习","AC编程","2013-10-17 13:42:47","2013-10-17 15:06:38",""
"1.803","学习","AC编程","2013-10-16 20:27:43","2013-10-16 22:15:52",""
"1.666","健身","gym","2013-10-16 15:04:55","2013-10-16 16:44:52",""
"0.965","学习","AC编程","2013-10-16 13:55:30","2013-10-16 14:53:22",""
"1.024","学习","AC编程","2013-10-16 10:30:39","2013-10-16 11:32:07",""
"2.001","健身","gym","2013-10-15 16:37:09","2013-10-15 18:37:11",""
"0.742","学习","AC编程","2013-10-15 14:42:06","2013-10-15 15:26:36",""
"1.187","学习","AC编程","2013-10-15 10:15:57","2013-10-15 11:27:10",""
"1.470","学习","AC编程","2013-10-15 08:43:19","2013-10-15 10:11:32",""
"1.798","学习","AC编程","2013-10-14 09:44:29","2013-10-14 11:32:23",""
"0.278","学习","AC编程","2013-10-14 09:11:44","2013-10-14 09:28:24",""
"1.668","学习","AC编程","2013-10-13 20:17:44","2013-10-13 21:57:47",""
"1.601","健身","gym","2013-10-13 14:30:58","2013-10-13 16:07:02",""
"2.104","学习","AC编程","2013-10-13 09:51:32","2013-10-13 11:57:45",""
